{"cameraMode":{"drawMode":0,"name":"Shaded","section":"Shading Mode"},"sceneLighting":true,"audioPlay":false,"sceneViewState":{"showFog":false,"showMaterialUpdate":false,"showSkybox":false,"showFlares":false,"showImageEffects":false,"showParticleSystems":false},"in2DMode":false,"pivot":{"x":-22.07710075378418,"y":-4.065189361572266,"z":7.310302734375},"rotation":{"x":-0.0007965298718772829,"y":-0.9972191452980042,"z":0.07373848557472229,"w":-0.010771494358778},"size":363.7165832519531,"orthographic":false}